"demand","n","m.hap_H","sd.hap_H","m.hap_H.N","sd.hap_H.N"
"null",29,1.42528735632184,1.22116439270112,0.854406130268199,1.22298080653513
"posi",26,1.57264957264957,1.23155720265029,0.816239316239317,0.883842513032868
